daily_bets,avg_bet_amount,sessions_per_day,time_spent_minutes,lost_money_days,won_money_days,self_exclusion_attempts,account_age_days,risk_level
8,39.91713087429663,7,93.04957606235338,10,21,0,880,2
7,61.63755196450751,4,56.46811776564759,12,18,0,917,2
5,60.827971365798305,7,104.52118566740172,5,19,1,469,0
2,59.06568825321783,5,94.72770566385113,17,15,0,580,2
3,74.8470272422093,8,103.34632918121153,7,13,2,522,0
1,132.56420392566173,9,129.76460100563347,15,12,0,198,1
3,24.098397476771915,8,103.55387933067045,23,15,0,724,3
3,26.11483454082559,1,59.06743951432343,13,11,0,80,1
2,42.149834426299236,8,137.80448147258633,11,7,1,524,1
6,45.22298679242899,8,125.20338697687157,18,17,2,387,3
5,39.22047219890975,5,122.43360879277355,6,29,0,299,1
7,20.580082953600588,5,99.74738580914838,25,9,1,149,4
5,93.942356832254,1,163.5010924292024,24,8,1,678,4
10,31.453039495602724,7,74.71862962873035,16,13,2,945,3
5,26.200168950704594,6,72.93626175359597,2,10,0,366,0
6,58.27977542535181,2,101.35696449447755,12,21,0,272,2
4,53.46376861170839,8,50.49123143069251,8,11,1,70,1
2,46.72714653939861,3,136.51841858557634,14,13,0,723,1
4,18.453183606315825,2,71.76748783330594,8,23,0,300,1
2,51.91586589672154,3,96.83278463514365,20,0,0,871,2
3,52.29548953899372,6,78.28185592571285,16,2,0,494,2
3,43.77838286541704,7,124.79195372765929,1,9,0,374,0
7,63.100835849532835,9,161.17891648900763,28,10,1,317,4
5,46.02789769332315,2,39.9196062921263,7,21,0,225,1
2,13.141747094230539,5,70.78960628906252,18,5,0,785,2
4,56.24159298069752,7,34.382846469906376,16,16,0,335,2
1,79.83699097532147,1,125.10599885870468,16,22,1,60,1
2,28.882856986278753,2,95.49816275376142,21,11,0,329,2
8,83.27242503996453,4,67.18567041805596,21,5,0,641,4
2,61.503221033516034,5,135.3297065099664,2,28,0,784,0
7,43.4240694578598,3,114.98343066646378,2,17,1,227,0
5,16.730529864249405,9,95.48851751372554,2,3,1,745,0
1,37.729507411058336,9,53.76068810069071,17,20,0,650,2
11,60.06173213342932,1,104.98397340381673,18,9,1,371,4
6,63.18467286784876,7,100.76528473980298,2,9,0,494,0
3,52.668127491006395,7,56.638023624914844,3,21,1,205,0
2,67.53964657568443,8,99.10984373431597,18,18,0,552,2
7,71.02993530889752,6,72.81506800077014,18,26,0,865,3
5,38.42709988945422,2,93.46901829317191,14,22,0,112,2
4,59.39074475916239,1,110.14503806745711,12,13,0,433,1
9,57.281072420869265,4,76.7803371798721,14,13,0,483,2
1,29.005829791859373,6,97.08801621562677,28,26,1,971,4
3,66.07696897635978,7,96.63191410721917,1,12,0,309,0
6,22.602892428365955,8,83.12977419441619,10,15,1,299,1
3,42.68242900849022,6,100.35090964409625,22,13,1,543,3
4,56.2235669380557,2,48.51745318976021,14,10,0,49,2
6,57.87639041494026,6,102.42179073411847,10,25,0,339,1
7,51.536692398917616,9,74.9733349106817,1,22,0,885,0
4,62.11130910375603,1,67.84044673902702,6,4,0,197,0
4,36.0905482902897,3,97.28770312125795,23,28,0,142,3
6,45.00841666498954,1,129.69614080062524,26,7,1,142,4
4,45.4530518240382,2,113.33305743700265,13,14,1,965,1
7,48.06553851702592,8,73.49454254314827,9,1,0,616,1
3,29.22652930900133,1,108.09761006308489,29,5,1,935,4
2,63.62997028950925,3,75.76446315811971,22,10,1,703,3
6,42.71295037627787,1,126.29385982497101,7,29,1,319,1
9,66.00428148831958,5,83.45844511408696,22,13,0,908,4
3,40.814089326874395,2,162.51451260145723,12,6,0,288,1
7,40.592517131586426,4,76.38648104062763,0,10,0,625,0
5,67.29033383059422,2,78.89505536030366,14,19,0,550,2
6,51.41833996418893,7,82.59944313084284,27,1,0,557,4
4,26.728721487821847,2,117.72434075856397,4,25,1,664,0
3,67.52034169060285,8,112.88073085987669,4,23,0,98,0
3,44.4691932890086,1,108.44043612012581,12,17,0,686,1
8,50.150544109701684,4,77.4966421158485,16,11,0,461,3
3,54.31694133401845,6,81.26515443812299,22,20,0,346,3
3,64.74389850396228,9,101.45840640144851,29,3,2,934,4
7,72.78282449324598,7,101.36876374238425,17,27,0,778,3
1,26.397507680180325,1,50.06976178573656,25,27,0,891,3
3,46.376756827054635,2,157.39306697587756,17,15,0,698,2
10,39.00828399865947,6,56.25561438798666,8,11,0,382,2
4,68.50943962478209,4,103.55846852653201,6,27,2,452,0
3,75.26758344500709,3,135.30541411556192,13,20,1,698,1
6,2.140582706574193,9,82.1322697098331,2,27,0,127,0
4,97.55210597205804,9,46.96614170873696,3,6,0,358,0
2,54.60960676534238,3,103.57540023896445,26,19,0,584,3
5,49.181618329618395,8,108.7276271427188,18,22,1,204,2
2,40.671028148864806,6,136.8499180639605,3,1,0,129,0
4,25.819420236695322,2,110.75012411358367,18,16,0,778,2
7,30.034472776348164,1,87.38020239828471,19,10,0,941,3
6,59.6715337727996,6,131.8992543376891,8,0,0,285,1
6,105.80908149772564,1,62.90885789477202,11,28,0,523,1
5,61.64775478261841,1,84.24080705890627,14,22,0,893,2
5,78.61604316205597,9,97.84201500075274,19,21,1,414,3
3,32.38392785857441,6,124.1540909783906,4,18,1,958,0
2,59.226015945208744,5,67.72404184390992,22,18,0,950,3
7,40.31653249095943,8,114.07328499964831,29,16,1,424,4
2,42.38706172821642,1,55.236479967216965,20,23,0,244,2
4,61.35607919451984,7,77.30094574150013,18,22,0,324,2
3,53.21470657913219,3,87.7323149725725,22,3,0,831,3
7,39.001239662843346,4,67.69320885813572,9,14,0,475,1
4,54.459656869984094,3,102.45285609410062,5,3,1,139,0
4,78.73908165650826,4,80.45413314033138,26,25,1,615,4
4,57.483663297904116,5,92.64310781574613,1,6,0,933,0
1,64.7032910051735,5,80.21441123641434,10,5,0,764,1
10,44.59164434007634,5,103.66347419994246,24,24,0,617,4
4,50.55678972207351,6,67.60321141957192,10,18,1,463,1
6,28.156753545651153,3,59.89687738375174,6,23,1,604,1
4,43.56337718299734,9,96.23731359678955,21,1,0,879,3
5,61.10372423036328,6,102.78259169711616,19,17,0,903,3
4,30.712778264466156,7,118.64477542060614,18,23,0,804,2
4,48.34291529076311,3,123.19517911241775,10,13,0,371,1
5,54.27644098689107,2,115.52849356835054,21,16,0,957,3
9,45.822704922943984,6,93.96155789078655,5,28,0,547,1
2,47.596259771911946,7,94.27615488069218,12,21,1,803,1
9,49.25621832901305,8,73.12323695880845,3,26,0,263,1
4,50.16827485234665,9,31.788980457310934,29,26,0,916,4
5,59.87796587463945,3,86.45904657202806,15,29,1,488,2
5,69.23833390142565,7,40.79000319543019,16,28,0,391,2
2,-4.555602657533598,2,105.80899394837459,12,8,2,428,1
4,7.43502870281921,6,79.14519458751194,14,29,0,982,2
4,43.45381646815093,2,38.17481039236449,6,12,0,229,0
7,45.62598392691682,9,106.43845277873888,27,4,1,711,4
4,42.51179407276163,1,135.65244462905954,18,27,0,399,2
4,37.703691503820195,5,95.3414490052295,27,27,1,538,4
5,74.76595723366819,5,94.17033457665622,27,25,1,959,4
3,51.3345427118902,5,76.09298297749946,4,0,0,591,0
6,70.56771003731163,9,73.17079274624814,23,0,0,580,4
6,8.990557066513361,5,105.35694630412709,5,10,1,679,1
8,69.15209418478557,5,116.80285244294097,13,10,0,630,2
7,36.857493414894115,4,80.79099622388395,22,24,0,505,4
3,60.6152787811432,1,149.39071609441345,17,14,0,602,2
6,62.20792312686433,5,110.34401066766826,10,19,0,443,1
11,34.77651261463278,5,65.81727274545244,7,24,0,284,2
6,2.427699412746982,7,91.9656759895113,26,29,0,625,4
3,69.10787224393636,3,120.2553372778668,26,26,2,586,4
4,20.24250768620492,6,134.42945099683556,6,13,0,212,0
4,60.8742773934968,8,67.94536437421193,10,9,0,761,1
5,66.59484341861196,6,83.57549615381801,18,11,0,546,2
0,77.71187756470471,1,112.69678796543003,3,12,0,783,0
8,42.14451808555348,7,131.32502552233336,11,13,1,836,2
10,72.5948441651833,8,95.87254779997751,8,0,0,273,2
7,42.67592081782912,3,140.96215687254232,7,29,1,201,1
4,54.49066737247372,3,79.32969932658055,13,21,0,277,1
7,34.347984115384904,2,152.4759595189965,11,4,1,855,2
3,50.28152374572011,7,94.2382930291426,2,16,1,508,0
9,46.75613593777222,5,37.87527015523166,11,9,1,552,2
5,72.94436130117094,2,143.97136141925765,8,23,0,457,1
2,45.09738171458813,5,54.62533545784685,7,16,0,770,0
3,28.675762380722276,2,99.47398975101407,26,4,0,253,4
5,41.53461873027,5,40.2876983306004,27,8,0,152,4
4,66.73495679446711,8,102.88848511421462,10,20,0,515,1
5,57.94916825621905,8,82.6096976923909,7,8,0,726,1
3,47.483865589792956,3,112.14418042690437,17,1,0,747,2
8,24.73557174195935,6,81.27727563324368,0,27,0,921,0
4,75.71582586363542,4,109.9516394582542,4,11,1,915,0
1,36.55108848035926,1,63.02103318562424,2,9,1,937,0
5,82.84076529795573,4,108.89974106208021,20,12,0,76,3
8,3.078575411568849,8,86.3737200255699,11,3,1,939,2
5,33.27898265199322,1,90.05177708995355,3,4,0,494,0
4,46.526953700973415,3,88.81112589512941,8,9,0,728,1
4,51.658702260152985,2,84.6895438754108,4,4,0,517,0
4,80.14141213865783,3,121.17574176325166,3,27,0,287,0
8,22.96917362008012,5,54.10420886746025,8,17,0,511,1
5,48.09887189397218,8,122.61716386136723,25,9,0,482,4
3,34.95198739103709,1,113.59580389625644,11,3,0,925,1
4,55.86584015660418,3,105.21881490055449,21,22,1,263,3
4,52.66962828709021,7,95.93557701424172,7,21,0,954,1
11,54.452547685816285,5,68.77670540765416,0,29,0,227,1
6,53.80373603604744,8,134.59683275066075,8,3,1,252,1
3,58.18969020367311,2,77.89255409544924,16,13,1,702,2
5,33.36725755905299,9,111.4592291303089,28,9,1,330,4
0,77.31189893763361,5,85.32673235037188,7,6,0,865,0
3,47.09427539576963,3,72.24946197692556,29,25,0,919,4
6,43.45881375878412,8,75.08821717929632,3,1,1,894,0
8,52.47176414362711,2,95.75335782993723,19,5,1,702,3
4,21.274477526970625,7,111.11378527667566,13,26,1,509,1
6,21.91585190152216,2,99.42915470997424,5,13,0,113,1
9,52.757321679150024,2,93.05594516170301,6,1,0,804,1
6,40.79062631704792,1,116.92857259769619,13,9,0,362,2
10,48.36571424892584,2,124.29988106022918,8,4,0,656,2
6,-2.1877760126283192,1,71.764904457892,5,17,0,133,1
3,60.92217302441376,6,62.67708174079303,17,17,1,415,2
8,34.28324173477175,2,101.6391354166931,4,7,0,522,1
2,26.735169516691293,8,98.8373102737908,28,8,2,840,4
5,72.97918080809242,5,66.5565499886458,2,9,0,988,0
6,39.52000999345662,7,108.62673229367064,6,20,1,867,1
3,49.456425451111016,2,105.66208128445663,21,1,0,309,3
3,26.98362989850399,4,74.05586349998443,28,8,0,372,4
9,13.606478955235076,6,103.00415244521199,26,12,0,578,4
5,37.07400060159744,9,98.5866157974898,27,26,0,188,4
8,84.79969394763155,2,68.39425922212561,24,24,0,654,4
5,66.66109354574436,8,149.9218128615754,3,8,0,474,0
2,61.34745929303246,6,101.3448966125192,0,16,0,634,0
5,55.478558855950716,1,72.24254174837432,1,17,1,503,0
4,69.05443355404894,7,76.61752748908481,0,28,1,992,0
3,56.147285086529806,5,116.89335435156511,13,9,0,692,1
5,60.984434274988885,7,142.39397157430966,21,24,1,559,3
6,78.26922826273763,8,103.54682028632088,4,18,1,102,0
8,41.08990261255154,1,116.10502690763852,12,11,1,831,2
9,30.27026602664004,3,161.7382812513284,0,10,0,367,0
10,22.848702963747,2,90.41223259665149,7,3,0,383,1
1,81.22070511645529,4,57.24230437282641,12,2,0,344,1
4,51.49323305216195,5,97.06205499365954,23,18,0,549,3
7,52.19050582819209,4,89.32536850595567,24,22,0,674,4
6,52.19285090054201,5,76.83271455938701,5,5,0,498,1
6,34.68498744665043,1,112.21945534498884,29,17,0,190,4
3,29.729552820071596,8,64.99492670066131,12,8,0,43,1
6,50.75891494519222,9,146.8018851328958,13,23,1,353,2
8,42.58914051675583,1,66.68774086863951,0,22,0,550,0
3,68.09842384215791,7,100.48047455490723,7,18,1,443,0
1,61.97990792385122,9,105.39304678435988,7,7,0,204,0
8,33.73230458667334,3,113.54209048757892,17,0,1,887,3
8,76.61946455227034,6,110.89724389426505,24,19,1,439,4
4,51.33998256170547,1,126.42324550144073,19,16,1,981,2
7,7.658589097947399,5,17.452869761753007,3,23,0,685,0
3,50.92743885686651,3,84.97677714390714,4,3,0,992,0
3,39.18849785708636,1,108.04385034711385,21,19,1,600,3
8,31.40339119372703,5,50.952889440879915,23,14,1,227,4
6,42.4864700842874,7,78.65779226762645,22,12,1,88,3
0,75.67153206165435,6,105.93258505760217,26,2,2,692,3
6,38.02821789610715,8,46.97384004407979,2,28,0,881,0
4,53.035885301556604,2,61.3603191057712,7,11,0,420,1
3,24.828430824971484,6,68.68474706939553,11,12,0,215,1
2,63.09026929152725,1,102.08943160075012,22,19,1,310,3
7,41.834188158620776,8,104.80859655536234,7,2,1,565,1
6,13.687344958654862,2,87.19936367685764,21,0,0,429,3
6,57.43649861671512,3,101.15297026595374,5,9,0,889,1
4,41.87535698114465,5,135.33454212346314,22,12,0,509,3
8,61.51138818564491,8,132.82336867202633,6,2,0,712,1
8,54.40915715415667,1,82.70033471397615,12,16,0,428,2
7,63.79585118624204,6,65.66825922283002,11,19,1,684,2
4,77.69260186586229,8,94.02771770131663,8,24,0,167,1
4,74.01517081277717,8,124.2121992730646,23,18,0,253,3
7,36.30778293362599,2,144.36608909974888,23,9,0,401,4
8,97.3704144056494,7,132.0739724293503,20,18,1,323,3
5,54.96199371694608,6,77.12922910021751,16,18,0,285,2
3,56.97382561958204,2,91.7450807395288,4,15,1,105,0
8,77.20521400797587,3,60.951654711598465,27,8,0,638,4
1,36.60139443852442,8,64.07020814511458,23,27,0,200,3
1,57.376314211527195,5,144.76184106510235,24,7,0,887,3
6,8.594451993372026,9,97.19113949355449,12,4,2,81,2
3,33.72394078022791,5,90.31065719183816,20,14,2,587,2
3,64.0331860381773,2,94.94722195867665,6,29,1,754,0
6,53.69619689361259,6,56.570455728119306,17,27,1,936,2
5,37.49942148212095,7,19.390180391409345,10,27,1,989,1
2,64.57618086624984,9,104.58946761841044,15,2,0,999,1
0,41.89060802949045,4,77.45295228503736,8,2,0,327,0
6,45.43433706341813,6,101.11988319832498,22,4,0,239,3
7,51.21996604960076,7,98.11556588415709,24,6,0,312,4
8,61.23991452597872,1,102.50438491459845,16,5,0,807,3
3,8.797432204622105,6,34.7458175568101,3,29,0,446,0
3,68.5657870545435,7,133.38362167007517,20,19,1,265,2
5,48.09045557312196,6,60.20176375625747,26,4,1,337,4
8,65.67454230715738,9,84.6961953013788,12,11,1,455,2
4,27.067426251569096,7,97.1967226182233,28,24,2,666,4
2,48.156411565689034,4,97.7069214017568,20,1,0,483,2
5,35.67755317898801,5,65.0497644083725,22,29,0,697,3
3,55.62447272349145,1,84.79826705318483,15,26,1,143,2
3,72.93432242042479,7,73.44957867250346,21,14,0,366,3
7,52.0785497100365,6,44.53739024567759,3,13,0,313,0
3,57.483705874032765,5,108.68338174031067,3,23,1,439,0
4,63.250688243120585,6,56.549165584935324,7,1,1,907,1
3,43.70005934252641,9,99.26887385946283,1,29,0,488,0
4,55.32446630635064,9,66.32420016182812,0,26,1,218,0
9,49.228523455310075,3,92.56235846024157,10,5,1,322,2
1,83.48683685256023,4,105.82930958292224,19,14,0,222,2
1,60.93667392767376,6,80.23114752560876,27,26,0,261,3
2,62.77271642593623,7,75.62838454878283,23,16,0,958,3
8,36.567110347014925,4,119.63654580136011,23,18,0,953,4
3,53.402315250055935,8,77.5121681768006,7,27,1,303,0
2,90.49341125847758,4,146.19307083669577,19,3,0,265,2
4,54.64396984750841,9,57.21442236386931,12,23,0,656,1
7,64.12257209296057,3,100.03812535483975,8,5,0,55,1
7,78.6934483960621,7,94.20781300351214,12,21,0,470,2
7,48.17612229930713,3,63.11950054957893,17,10,2,883,3
3,39.11425389295384,2,53.64244355318084,0,24,1,480,0
5,40.22083045295833,1,67.21801450206269,2,23,0,564,0
11,57.59093443893737,8,91.39452765819387,4,26,0,613,1
4,19.254102841276822,4,62.04716147250922,0,10,0,663,0
4,83.83841329317454,6,56.27616645737229,14,15,1,629,2
4,78.28768578618107,4,108.1531176759228,17,6,0,934,2
8,54.980294342333664,2,104.41532183573236,17,5,0,199,3
7,44.965092199407344,2,117.50284340783956,29,12,2,48,4
4,35.263047135306856,3,157.2246548501758,9,4,1,817,1
5,66.01164845217906,4,55.05545731209933,4,2,1,435,0
7,56.67348838678814,5,-15.171215312260713,3,27,0,893,0
2,33.78428473368116,8,160.24746836671264,2,22,0,881,0
2,50.8123576218701,7,55.842570147615454,25,13,2,63,3
9,70.7254163824382,4,40.50450264565701,14,26,1,858,2
4,48.733870182387996,6,79.57350604701709,7,7,2,967,1
10,25.5707438105786,2,63.52788202415149,17,26,0,350,3
5,31.83080543042562,2,93.17890357038495,17,14,1,119,2
5,56.680218581803956,1,72.15708035682562,12,25,1,52,1
4,60.71752227259245,5,134.60212842113685,7,8,0,130,1
1,48.72072594491637,7,104.73370920333046,6,27,0,708,0
3,40.15089740068727,8,101.14493308254399,16,9,0,994,2
8,19.824305794996704,4,125.06344562677799,16,19,1,879,3
1,39.857357642501896,1,87.2246282638912,10,22,1,794,1
4,36.42713710186343,4,119.8705071115511,1,21,0,612,0
6,51.67107810411161,2,116.52024878566274,2,13,0,600,0
7,23.31010205286858,4,148.0000506899076,9,16,0,337,1
5,30.87289505324027,8,73.79908679557354,13,4,1,141,2
5,86.829284843791,8,41.33192025694972,1,28,0,964,0
4,57.66927037797187,1,113.3790244448476,13,10,2,251,1
3,41.195826414293926,8,58.74659345190484,22,22,0,984,3
8,63.25627598013392,4,60.60393275295081,8,9,0,862,1
9,56.7530179451316,5,122.35430229435552,8,9,1,989,1
8,53.15714073099337,9,99.53213574025106,2,22,0,955,0
6,38.5837250308748,8,168.20177157464437,8,5,0,572,1
7,60.92666695993633,8,79.82049275605307,18,11,0,398,3
3,50.67355006838343,2,55.62989460069127,11,15,1,158,1
7,68.91970672012026,9,72.97686536101146,21,15,1,760,3
7,38.716159550469754,2,54.23280797340541,18,7,0,825,3
2,54.0657533406734,5,113.35947246179632,15,14,1,536,1
5,34.39026872767661,7,52.91534101202382,20,2,2,664,3
4,47.90337086788872,6,66.07875309362497,13,15,0,93,1
4,43.50233125466542,5,118.52261790633452,22,23,0,248,3
5,71.50138878925887,9,131.57338043996623,27,18,1,173,4
4,52.00807076815835,4,92.31212245645008,0,26,0,906,0
4,46.08041091813828,4,113.96056704359654,10,4,1,988,1
3,47.554200678605426,8,125.60449486129458,17,6,0,735,2
4,85.5676812591004,7,109.2560988629034,10,23,1,836,1
5,56.835432653239394,5,94.64555636745061,8,8,0,65,1
3,47.83094427904117,3,49.06876050463278,7,2,0,358,0
5,66.20010828204067,8,158.65562336638192,25,25,0,546,4
6,54.0215939810626,3,75.00462071348844,11,1,0,573,1
4,59.88495062234431,3,97.39551909594077,28,15,1,402,4
4,49.390826305310284,7,62.00306577030945,25,26,1,309,4
4,73.59454048844258,5,100.12204954344679,25,27,1,218,4
3,31.0102298342103,7,19.317139056264267,15,25,0,187,2
3,46.63698441669953,9,81.87434127501031,20,14,1,678,2
5,51.30780595669703,8,155.14811361902179,13,5,1,252,2
3,19.50287280100428,8,123.35136405521085,8,26,0,47,1
10,66.21986371192367,5,97.07321879249766,5,24,1,598,1
1,42.82786442911627,2,61.535861460805236,6,19,0,336,0
3,39.41605917966462,4,116.9223999754737,26,8,1,551,4
4,80.90351088098662,7,111.87788343338225,24,14,0,252,3
5,28.819175327117147,4,100.33172976038813,11,9,0,504,1
3,18.543029379493937,8,94.97339694481364,25,13,0,275,3
3,34.77829114825987,2,48.62875865542613,24,20,0,913,3
3,67.44719971262685,9,125.25733297639528,12,29,0,198,1
2,18.66469321835694,4,117.56568454415336,22,21,1,65,3
1,60.07136593293088,1,71.41599493064595,4,10,0,865,0
4,40.5374880454238,9,146.8956501700389,8,2,0,508,1
6,71.25082720859106,4,93.63923096870471,9,20,0,294,1
5,64.1883477798657,4,86.78071895966194,27,20,0,635,4
3,60.19318766301929,5,77.00311716884003,18,27,0,82,2
9,10.814680391161616,1,149.20691092160678,15,18,1,923,3
4,59.256988172749324,7,125.94464366679625,25,5,2,133,4
3,83.76468913354583,7,71.1810380903695,0,18,0,713,0
3,55.633176724811605,3,61.669999113708606,24,19,1,670,3
3,35.42961790359534,9,138.49073023010845,14,22,0,675,1
1,84.06976451115005,5,139.6490626569115,17,12,0,972,2
5,43.479362547156526,5,51.180749239169785,28,13,0,154,4
7,30.69743005269367,2,89.88723083131889,24,10,0,984,4
6,45.452853883059575,5,59.965919025117074,23,9,0,527,4
6,55.97716987549092,7,49.07899608290146,20,6,1,717,3
7,68.02428872253074,7,84.4371758586689,21,22,1,79,3
1,65.46464147057438,6,132.95356140547557,4,2,1,443,0
5,41.7170231899011,2,21.13956255292679,22,0,0,614,3
6,48.32755845699298,6,94.08813687029672,14,10,0,804,2
3,34.290135470095144,2,91.31796489525323,26,24,0,360,4
7,28.59992851572228,5,157.83399638583637,26,28,0,478,4
4,62.85104415575391,4,134.64005718101654,5,0,0,692,0
5,73.07985728712235,3,92.01587064892249,19,9,2,327,3
6,32.291350560237746,1,92.12235753000849,17,13,2,301,2
1,31.45209689516078,6,104.42100604686806,8,20,1,454,0
3,78.60303934871189,8,63.63151889982689,2,21,0,103,0
5,27.743555266426092,9,77.93570723294646,26,25,1,536,4
5,64.69980856171286,2,101.13620568379021,20,18,0,976,3
7,59.77660439723645,2,44.057479275941084,17,7,0,606,3
2,24.459879956147326,3,84.75642883308383,2,17,0,313,0
7,50.06913481600593,7,19.655242099212828,21,7,0,955,3
7,28.01347723264452,5,102.88419657979237,0,22,0,777,0
0,80.61228577396327,6,119.13566701575593,27,27,2,339,3
6,63.04245718881929,6,100.34370670283973,11,14,0,622,1
9,58.17108989815326,7,107.92219453670069,15,2,0,83,3
4,14.988944105451964,2,80.51005419735263,14,11,1,409,2
3,18.139765454253226,8,60.027946144512114,16,11,1,346,2
4,94.8452163678792,3,96.66482573537832,27,13,2,509,4
2,60.218971718005974,4,94.59998507355091,24,19,1,838,3
4,65.18795498272745,9,97.48066879305782,5,7,1,784,0
4,50.64205456720593,9,88.34359950150171,6,1,0,897,0
4,71.41556650047464,5,112.97858818640225,7,22,0,442,1
2,26.152013356168077,1,119.3448250701046,7,27,0,895,0
5,73.33887166629799,5,78.58509134269603,2,5,0,567,0
3,41.15872782668474,1,81.41184661744528,4,4,0,284,0
6,52.76808647878046,9,103.82900222141525,0,14,1,647,0
7,54.95772072794845,4,88.1487930631445,12,27,0,566,2
4,64.52219257109056,6,52.087920548770335,20,18,1,988,3
6,63.914972768264406,9,87.92974739486247,3,20,1,515,0
3,68.51740030856875,8,105.06163019637158,10,28,1,832,1
3,40.895667977080386,2,138.63714545798337,26,2,0,191,4
4,63.26429858969063,1,59.18966230848052,8,28,0,223,1
6,39.11471534016266,9,101.87712199220718,28,22,0,410,4
7,67.38811106970023,8,131.67216416616867,26,19,0,765,4
5,61.49325258485065,1,115.44432301224882,19,29,0,750,3
6,86.01305320258368,2,64.66013836031027,15,27,1,855,2
3,21.38488850101771,6,158.77188530276402,20,7,0,761,2
5,31.944775363591,4,128.46400223575637,14,7,0,601,2
1,69.28690620113464,7,42.70203916356454,0,15,0,557,0
5,51.197633365614145,3,124.11738515735927,15,13,2,391,2
5,77.86124854628264,7,37.47943439560651,27,24,0,312,4
7,0.42583863939083244,2,71.7197075549213,6,17,0,364,1
3,74.09260532948807,9,105.51751200352183,21,16,0,828,3
6,57.53161270045799,6,133.4298099508253,1,28,0,680,0
2,42.593704990995505,6,67.32577821951425,22,23,1,554,3
4,71.29884867056177,8,68.66029791345903,2,20,0,239,0
12,77.87484786191091,9,39.072394927864266,12,27,1,554,3
5,19.409844914918853,3,48.25482008601784,5,10,0,113,0
6,31.198137704324992,7,118.19102552462417,18,20,0,86,3
7,29.65216192398724,3,107.41879392512914,11,11,0,723,2
11,64.31008289975053,6,70.55160538644779,12,20,1,133,2
7,59.443824447188646,7,75.21114106347314,18,0,0,486,3
4,44.424075938357646,7,105.94024770267927,27,17,0,982,4
8,45.97701508096644,5,110.88878865534237,14,14,0,149,2
3,56.68564262712858,4,139.00234875616263,16,9,0,665,2
10,43.48243185094068,8,114.06892040885147,5,11,0,872,1
3,19.263305953310834,1,122.382593123541,29,26,0,920,4
6,77.89859242241445,9,95.81714330924886,17,28,0,286,2
7,40.45970565556619,4,129.09844097119228,26,23,0,612,4
4,62.92654221589171,7,88.85314756994572,8,20,0,226,1
7,28.83572574035188,7,100.46550526868313,29,6,1,331,4
3,51.682893452058245,8,92.99501714521534,5,8,0,968,0
10,16.543069204763484,1,70.99928709773178,10,18,0,789,2
2,29.285260229039434,7,79.67678765622156,16,10,0,416,2
4,35.43632341660703,9,63.86078500480769,7,16,0,87,1
4,58.59917190831254,1,113.9581994855406,23,29,0,269,3
6,64.23512771872362,9,62.09962138715301,2,27,1,657,0
2,65.00503484145557,4,83.29735125298089,9,2,0,820,1
3,64.74786987986275,8,59.511973192797626,5,16,1,894,0
8,-9.180953323221502,3,109.50837903900135,19,22,0,908,3
5,34.85231348203679,1,104.81035777624209,4,22,0,240,0
4,50.69393136834197,6,98.74253825182292,12,29,0,529,1
5,38.63002159897299,7,69.11472012264667,18,23,0,88,2
3,45.14568841351859,9,91.24553298396165,8,2,1,258,1
3,68.08685960330874,3,144.53211736959798,1,8,0,701,0
9,37.70762196657194,1,128.505330520295,26,10,0,988,4
5,65.8102381061594,3,131.24428315891532,20,25,0,458,3
2,61.819564863215206,3,133.79197853681924,21,17,0,61,2
6,30.15133746375698,8,76.79123017732493,29,21,0,892,4
8,40.94581720321357,5,112.52399257525742,12,2,0,840,2
1,77.21532189695215,7,112.2149342492008,9,17,0,88,0
4,39.69434662215232,9,95.48949038102111,9,2,2,266,1
6,60.64300702707289,3,93.60582384620828,17,0,0,682,2
4,53.31375529789383,1,126.66271215430626,29,14,0,515,4
7,62.51374781735612,7,55.42703903626126,12,8,0,675,2
8,50.74081733976998,1,75.34003108102631,28,25,0,228,4
3,46.63578986621289,6,74.61434238861506,25,0,0,779,3
3,21.53976101084744,8,44.327718720401975,22,26,1,500,3
4,54.34161675265299,6,42.26279579060514,0,24,0,698,0
3,25.18946278710793,3,83.43941805149758,26,24,1,787,4
6,47.878288634016684,8,54.54238547748163,19,17,1,390,3
6,31.049297401450772,6,110.91050939126092,2,4,0,543,0
1,53.5917814330119,9,142.06539027895218,2,15,0,814,0
7,36.886598206776156,4,96.47024932490856,8,3,0,395,1
7,35.84630751279797,8,49.82966962573576,14,16,0,974,2
3,47.284890748847474,4,115.49860671988768,21,5,0,540,3
8,70.0293991544774,5,99.94488754226981,16,18,1,845,3
6,42.558509360646056,1,132.76155523985477,19,26,0,171,3
4,72.70914644130647,6,81.51210452478816,19,22,0,408,2
5,72.89619647684148,6,97.03246876221598,24,24,0,197,4
12,62.36211482789386,5,66.85521338076724,23,14,0,632,4
9,64.73474627480275,3,93.10609360165236,1,16,1,854,0
9,48.091047726889414,7,102.2655939239263,17,18,1,481,3
3,53.34731255833488,6,57.568575252354414,21,1,0,67,3
8,41.85974044402926,4,87.98731412382149,17,23,0,876,3
5,65.49914356934949,9,88.52047319610945,22,5,1,609,3
7,53.442855675584106,2,37.815252769425356,3,18,1,703,0
2,68.70037030394533,7,102.66117928437261,16,12,0,763,2
6,82.29966570780277,1,109.60354392390362,18,16,1,612,3
4,67.1398094324241,1,90.35374322309107,1,26,1,225,0
5,31.033072787626864,4,129.57685794109335,10,5,1,208,1
6,40.34557651552063,2,117.57123492780971,9,28,0,629,1
3,67.29209402703918,9,60.86162598004134,10,22,1,256,1
3,61.58713954245132,5,105.52733516193094,26,22,0,247,4
7,33.46914142810693,6,72.8006090852532,25,24,0,465,4
5,30.528293882425583,3,64.46372330888755,0,22,1,375,0
3,89.88118741614177,3,99.73424322169701,21,10,0,892,3
4,59.69073667767825,1,125.11269525391864,1,28,0,130,0
3,70.81813577238754,3,99.82910787568974,26,16,0,62,4
8,41.59708794625793,9,144.19755145884318,19,25,0,542,3
9,47.27600662222223,8,97.58496771694071,28,19,1,223,4
3,41.74664013899022,8,70.9244421784785,3,3,0,311,0
6,29.058606743817457,8,115.05237879060088,21,16,1,438,3
9,34.70878852435435,3,66.78001097147934,0,19,0,628,0
7,71.91145697915725,1,67.57429990802744,29,15,2,70,4
6,59.42646502109885,2,41.27933363653235,25,11,1,244,4
3,62.68330319361741,1,109.86095172590954,17,12,0,224,2
4,38.04197015959614,4,122.76933280618567,22,8,0,871,3
6,39.70607377726802,3,126.61081063432746,9,23,1,223,1
4,38.42276148079314,5,76.70047287857892,18,3,1,155,2
7,25.41991811103835,2,82.95931498390584,6,19,0,604,1
5,20.349406413077695,6,80.65599515789903,1,15,1,348,0
10,0.7532416621750286,4,96.38161387802704,0,28,1,863,0
7,41.16287746166206,2,40.71963202647085,11,15,0,532,2
4,43.16574163911785,1,118.7627853289712,11,16,0,640,1
8,43.885398358899344,1,98.92320876038391,15,2,0,341,2
3,55.75997745944173,7,84.17677401187673,6,9,0,335,0
4,38.8367881124735,3,109.39490852513882,18,10,1,378,2
7,83.21142254793217,6,89.20402393131658,1,13,1,444,0
5,63.16421662813269,6,77.00817031591458,7,19,1,832,1
1,24.984871754340624,3,103.07846865890347,8,0,0,342,0
5,33.90811481209856,7,119.92380200780451,10,19,0,713,1
3,28.453663898639437,6,64.4130561500404,1,18,2,457,0
5,71.66349814768668,3,99.40530481889813,22,21,0,973,3
9,54.950473973301285,5,94.55468133735317,29,8,0,72,4
5,40.40800812671641,1,98.2870140712245,0,29,1,154,0
8,50.60922019846241,4,117.97307779148237,13,27,1,138,2
6,44.72357714817023,9,79.70128273230638,4,5,0,701,0
4,38.512409984046045,5,119.31338585517281,13,15,1,44,1
5,78.10921279916172,6,138.20368567654856,27,10,0,143,4
8,39.63183518215018,6,55.97851987655752,18,20,1,89,3
6,30.32586023939936,2,141.79501287037763,21,19,0,706,3
2,13.472439383956406,3,-23.021525960716076,5,21,0,402,0
5,69.81814432131932,6,56.86787059899746,24,16,2,172,4
7,64.57089626676401,7,131.88053903767982,14,23,0,220,2
7,63.10270175235168,2,82.99735726405007,24,5,1,947,4
1,62.79078156028562,3,70.40330270376037,28,0,0,502,4
4,69.90269160042844,7,115.94396312091705,17,19,0,875,2
5,55.10875977290514,8,73.573785714417,8,24,1,967,1
5,48.65958999708466,8,141.034913617452,0,22,1,947,0
5,44.0838774588664,9,17.045599658140702,25,14,0,108,4
3,34.43618470493558,4,99.69691105943458,21,6,1,506,3
10,29.80882700605028,3,46.890210276720346,1,26,0,471,1
3,46.409611666829974,6,86.60901479737556,23,2,0,57,3
5,26.019932740471724,7,55.552019343332276,28,10,0,662,4
3,64.65632081682884,6,133.69872805431535,26,0,0,396,4
5,47.99536320245818,3,118.79872220774337,18,13,0,89,2
6,41.646956403977626,3,116.94957768440868,17,2,0,901,2
7,54.18819532701653,4,56.051064276650905,10,9,1,99,1
3,49.77582215780437,4,63.438653004301344,15,9,1,748,2
9,48.08383244848125,4,79.01054555146257,15,3,0,681,3
6,69.68708970900246,4,55.35229184859902,19,16,0,607,3
3,63.738471388204495,4,84.4643156011723,15,21,0,130,2
4,91.18476965469247,5,96.42198795884113,26,20,0,303,4
5,50.62122722035517,8,70.97791741481043,3,3,0,577,0
5,26.622894229511168,9,125.19047294517429,7,13,0,169,1
1,49.28501608727277,9,88.01155786862236,21,14,1,938,2
4,50.60590949453154,5,80.96674086221357,0,6,0,920,0
2,34.69042663284931,2,56.57551827751219,18,7,0,289,2
3,49.663763085046284,5,146.65666839866904,7,29,0,871,0
12,72.94572601474476,2,95.82189505062367,10,29,0,675,2
3,59.35273602123669,5,67.41278910074703,22,20,1,961,3
2,9.915167389374808,1,78.77082483462092,16,21,0,760,2
7,46.047084926282835,2,96.40299202276539,20,19,0,604,3
3,46.49435492574443,7,71.32987834816132,27,9,0,625,4
0,43.407357093655364,1,92.9922908016438,4,5,0,490,0
6,55.696596149210926,9,161.65066875757003,25,14,0,680,4
7,31.023570528208445,4,128.66326224608508,17,6,0,876,3
6,28.12799376879738,5,98.66521644252464,11,10,0,645,1
5,16.594135741482333,7,148.7578800313012,7,28,0,103,1
6,62.416467674818286,8,81.61543775722053,18,27,0,499,3
3,76.44289337356562,8,10.182780140879771,22,9,0,491,3
7,43.512829316317415,3,71.6318003464234,12,13,0,259,2
5,32.2416382995428,5,96.07177532113671,18,27,2,273,2
8,50.2134759306165,5,120.26766976676565,24,13,1,338,4
7,23.43812358576734,2,40.43580894332877,26,26,0,544,4
3,55.45437017861555,8,101.78837526652761,26,8,0,978,4
6,34.432502760711785,4,88.67854454807872,29,13,0,426,4
5,44.37444273416271,4,89.46773977569788,3,5,0,704,0
2,45.0116480393113,6,85.39620396460326,6,3,1,45,0
7,5.861319830510368,9,-20.733683814652807,3,12,0,985,0
7,79.05678389529304,5,94.75739951698012,1,6,0,432,0
2,54.98652018471856,4,75.23491872978961,5,18,0,184,0
1,32.48428443543227,8,44.911691166061516,7,25,0,212,0
5,70.86868617780019,9,87.0679513709154,10,5,0,946,1
4,53.62612866301596,9,60.74084499046493,11,14,0,584,1
10,63.61585453598621,8,90.69983300239991,23,1,1,382,4
6,46.95688176196414,8,99.87571351575899,27,6,0,323,4
8,38.31369640712944,3,57.85053986091195,16,4,0,759,3
8,85.24404318330895,5,122.94082564662034,23,16,0,666,4
2,72.21160628462417,9,111.04269305718724,2,26,1,766,0
6,51.2554388420522,8,103.2354783276971,16,23,0,632,2
9,46.95636865470761,4,81.61571833631174,6,11,0,705,1
6,19.037770082661012,7,136.38094443039967,8,5,0,696,1
5,38.88197963420118,9,120.62142909234643,26,28,0,527,4
4,33.64022157745561,5,93.78487787417616,16,25,0,173,2
5,46.88321761986862,2,93.33172573757784,25,26,0,404,4
2,57.765347044255186,3,111.02594315169554,14,11,1,186,1
5,32.17981834462199,5,62.18205511972222,7,2,0,423,1
5,21.55920092840633,2,8.630915372741,5,13,0,341,0
4,55.39611951472175,7,91.75181938710905,24,7,0,61,3
2,20.60518068209966,8,76.65288205603593,26,28,0,46,3
3,39.40074676737116,4,93.76537174165513,23,24,0,972,3
3,42.66808369541383,7,63.21764752764798,9,23,1,353,1
1,45.03807469995706,8,146.62607691479928,5,12,0,347,0
8,23.55763899566736,7,48.41334146875422,12,12,0,675,2
7,49.642798847637295,2,83.74978905040393,5,21,1,430,1
7,25.54846339046806,2,85.11393722377312,2,21,0,194,0
2,45.16334951765105,7,64.35767638952478,8,27,0,223,0
8,42.93196056850947,7,82.47248877584568,2,1,1,542,0
3,39.001976758430516,3,91.02333928510782,12,18,0,465,1
5,51.223576225487676,2,72.85630071585805,25,3,1,515,4
7,71.5302527529444,1,95.44047470350195,26,4,0,150,4
3,46.1943553912988,8,144.1446789351781,26,24,1,853,4
3,58.39223315155443,2,92.14520182907451,22,15,0,388,3
6,38.30798002210404,2,155.62390855804117,13,24,0,327,2
7,30.924192257139914,9,96.95589085082106,14,29,0,217,2
4,60.72469774335748,9,89.87497176691214,22,28,0,673,3
4,41.70401652828329,8,89.8319520404769,27,18,0,715,4
8,64.62619345130062,5,98.00754492017299,19,4,0,79,3
4,47.58395196075807,9,100.04850532087194,15,29,1,688,2
9,88.45054843757629,8,85.905771509065,6,19,1,870,1
2,62.51231255408111,1,46.89744060802978,21,15,1,334,2
2,84.01053037636362,4,123.7105154398654,8,1,0,546,0
5,50.635181841492276,6,107.44558283141167,27,5,0,977,4
4,56.65437986866387,5,120.40021137236663,8,8,0,729,1
6,29.261461382464475,3,70.51573844216537,19,1,0,449,3
4,75.57968582798419,9,117.98519012159184,17,28,0,694,2
8,44.87536864266387,7,107.61900401431491,5,27,0,835,1
5,55.90017743235929,1,16.62918913312278,1,19,0,744,0
5,86.07754261603202,9,120.92003793280804,24,8,0,374,4
6,37.84124429163108,9,111.73452962519961,29,17,0,390,4
5,14.491797271580843,2,20.325940816292814,1,8,1,523,0
6,61.93311601273258,9,110.98609042405133,29,15,0,36,4
6,65.08491892718034,1,134.15579674707823,20,27,0,501,3
6,68.45155433399049,5,120.50197002880587,18,16,1,513,3
10,28.245326704047393,8,95.14773078040837,8,25,1,421,2
8,40.58021939999084,3,55.482118773598565,28,2,0,576,4
7,61.497528601571,9,59.85133261569969,25,1,0,417,4
8,-8.430861108286521,5,53.52692473071707,23,3,1,104,4
6,36.196920797794334,2,133.85997951669023,28,24,0,770,4
6,63.10185386900551,8,110.24199157155901,0,27,0,899,0
4,17.15675776973565,6,121.34333746072616,6,2,0,340,0
6,71.95320616703094,5,100.45222509046184,28,15,0,531,4
5,78.6541149648373,9,91.35330567821765,24,21,0,329,4
7,78.90685046641072,6,88.6550636644629,20,15,0,43,3
4,43.698657517397514,8,90.02992230314159,16,6,0,267,2
8,74.31716144657636,5,23.00394928994362,27,24,0,441,4
2,47.49945709611162,2,153.00261064488717,29,21,1,708,4
3,43.11761566746701,1,119.20065885268191,21,6,0,595,3
5,56.80222949364867,3,50.89752053999031,17,15,0,482,2
6,38.59631060874389,1,101.60305720909909,18,4,1,565,3
4,55.38134433855731,4,123.15963721442427,12,19,0,100,1
3,38.48333331418364,5,132.578784786249,4,5,0,180,0
3,62.97737907413887,8,113.97329085276748,12,20,0,332,1
7,85.97734810559803,2,136.0948978841896,21,19,0,616,3
3,38.44705997760276,6,-5.495118660662101,1,12,1,699,0
3,33.140593257567325,4,74.26852109455629,9,7,0,479,1
3,54.56871702580537,9,69.54565655155474,23,5,1,503,3
3,46.6828539334429,5,127.73397910840274,14,2,0,592,1
4,43.65806160584526,8,138.2153905214829,7,9,1,864,1
7,32.399348228230856,9,134.68817439384313,11,8,0,245,2
5,54.12858958187461,2,91.83629177848935,1,29,1,439,0
4,44.49866792911869,7,-3.505769646648332,0,6,0,610,0
5,45.49877635498483,9,73.38722099786007,4,25,1,950,0
5,21.92624153035887,2,85.41809081309617,22,4,0,640,3
3,55.98480511204392,6,143.02655287445316,20,12,0,672,2
8,40.3941550865223,1,61.4137599854699,13,5,0,814,2
5,54.23292348238131,7,142.82729835311332,15,20,1,50,2
3,14.453829412746607,5,51.810388012625985,2,22,0,525,0
11,51.47370456973212,6,55.15230442727689,1,3,0,787,1
5,51.98841585008094,4,32.41530113461264,17,5,1,106,2
9,31.16950955938108,5,69.21705329497165,28,14,1,697,4
4,15.180098591260837,7,137.4001101651531,11,7,0,102,1
5,71.24789642622882,6,82.20925816306507,19,7,0,763,3
8,28.005072625381175,4,18.16959788668035,15,24,0,982,2
7,75.10528976154671,9,125.56890236440674,29,19,0,67,4
7,33.93096566974513,8,73.60578452015204,28,1,1,90,4
3,36.413936992158085,8,80.89425412238171,16,6,1,393,2
10,43.58364269379955,7,89.35775884693695,8,25,0,951,2
5,61.92864737980145,1,99.01843216280625,13,14,1,562,2
7,54.39197099672599,6,122.74433488405444,24,18,0,293,4
2,35.036667506925426,4,110.15957053983756,1,23,0,493,0
13,41.08762935420583,4,108.55300281226955,12,20,0,332,3
8,54.28049878727504,1,86.65669148915889,11,0,0,391,2
4,78.12003848652455,3,97.58412218826187,11,18,0,584,1
9,82.84304969002332,3,119.60595094314323,20,17,1,130,4
9,88.83246741528956,4,29.258426647964278,5,13,0,610,1
5,26.65065987444974,3,96.7805214886148,18,19,1,986,2
2,100.04707524936691,1,70.260654302862,22,11,0,795,3
5,48.45014754961193,5,114.29696688091502,22,2,0,627,3
3,50.34680491363753,7,136.57154629448218,16,12,1,32,2
2,39.696806479312315,9,70.06587122056133,6,2,1,542,0
6,76.28220407087933,1,146.93971289866852,20,2,2,51,3
6,-15.031474081479686,5,122.63261005690052,24,28,0,614,4
7,25.493302671215254,8,67.03111009348729,4,7,0,925,1
4,28.109278582495367,6,69.08276607106394,18,17,1,942,2
0,42.16781378186309,5,117.92717019689762,26,27,0,501,3
7,33.44148550446501,9,119.38196558801263,15,27,1,687,2
5,30.506976360631615,7,54.26632676695639,4,5,0,739,0
6,55.40351856075139,9,84.65047371065266,18,4,1,359,3
4,82.29730045834174,9,89.18727119237762,7,7,1,288,1
5,14.056432345875521,3,96.35431769075967,9,29,1,322,1
3,66.35572003065539,5,93.86537177306987,7,13,0,179,0
5,61.30023722226872,4,132.66022425166818,21,1,0,37,3
7,64.46563826381278,3,4.037248703862446,23,22,0,686,4
5,89.6576546268298,1,37.89247159584468,8,17,1,695,1
3,43.60394791004178,2,78.32791273069378,14,24,1,30,1
3,49.22700845552938,3,115.216261268617,14,17,0,244,1
8,51.562514432595364,7,100.82588905959376,29,28,0,830,4
8,77.59108894759592,9,101.92193722684955,21,23,0,659,4
3,9.739769840128965,8,43.184473502409574,7,11,2,979,0
6,42.94305921018536,7,104.03707519477405,5,15,0,404,1
4,41.273204499761114,8,74.9170138915722,4,11,0,167,0
4,46.561589556011604,3,92.94361646154826,29,15,0,507,4
8,48.350663745323075,4,44.519313665557675,25,26,1,71,4
3,51.227931178579674,7,54.4322400550691,0,17,0,345,0
5,42.94805907250475,8,24.79162218668033,9,20,0,454,1
4,47.68339740546886,6,64.13419760074709,19,4,0,499,2
5,36.47621954477938,1,93.0816698775026,14,4,0,611,2
5,97.80469995629774,6,55.946382693244395,29,21,0,412,4
3,38.94981923598635,3,152.48804060758658,22,1,0,426,3
6,42.88331215565285,7,88.12048628862874,6,25,0,836,1
7,71.76438501321451,9,127.06401353601697,7,22,0,41,1
8,64.62168053816498,6,36.02841569707103,1,29,0,540,0
8,42.01511106416122,7,95.278516776672,29,22,1,203,4
4,38.75309067204933,8,86.3971690230819,19,24,0,453,2
5,38.06385945217841,8,58.00858496911726,26,23,0,920,4
6,53.10741635521187,8,98.70616889821147,16,20,0,78,2
5,32.72169589072098,1,71.2521876445304,12,3,0,545,1
6,78.66782699098346,2,131.0291592347991,4,16,0,379,0
1,37.948672529251255,6,65.51760262070029,0,11,1,861,0
8,39.298388483236835,6,93.87523635366479,28,13,1,453,4
6,64.60233799800972,6,90.65934015051148,24,29,1,444,4
5,41.27673921534882,7,62.29699377358429,27,26,1,351,4
2,16.09578848219863,2,93.89583242982992,29,12,0,636,4
5,51.841843593020094,6,106.01610922617786,25,7,1,642,4
3,86.35113190854935,4,102.30639921907546,1,10,0,354,0
6,53.78798604264168,4,53.718148157011015,28,28,1,110,4
1,43.038042346887856,1,97.1150510020461,18,8,0,630,2
3,92.60126529893711,4,112.99501000557707,9,12,0,870,1
8,25.767169791627357,2,88.21668225492117,9,18,1,190,1
4,51.928741211315504,3,113.55258749065432,16,19,1,966,2
8,25.569371164215795,3,85.27970679413397,0,7,0,348,0
3,18.304175128034377,4,70.69690438008826,6,13,1,700,0
6,40.377472623857024,2,109.36926416929377,6,28,0,291,1
4,83.50359811459691,4,66.53223248825722,28,7,0,542,4
8,66.16299564095944,8,59.4405315629923,3,11,0,450,1
2,63.42452950119233,1,109.85307047754895,0,22,1,743,0
6,82.09864626377893,3,94.38828319674491,8,23,0,564,1
8,78.13788846150074,3,64.51202766995753,22,26,0,490,4
2,58.59381946446713,3,73.67014598393746,10,16,0,77,1
4,26.85604169232159,5,136.92288968475333,3,28,0,568,0
4,31.73407232067266,7,80.00931042552008,20,15,1,222,3
4,23.858494917655364,1,145.28632460707647,19,16,0,895,2
5,13.326633325591636,5,49.18248365312536,11,3,2,204,1
6,23.915668447308494,7,98.62445636594312,18,17,1,782,3
6,56.501442728534066,4,93.8419220843148,26,13,0,531,4
3,58.92904282689614,7,83.75533915672455,29,6,0,414,4
9,49.19082242772038,9,62.42569428960109,28,1,0,280,4
4,29.45127498078266,8,74.03852256901915,21,26,0,444,3
7,40.649440172569,4,140.70312821680128,4,15,0,458,1
8,31.152350901849857,1,96.75678936033857,26,22,1,523,4
3,22.82705799627405,2,107.78392113311017,25,10,0,112,3
3,47.40351531829623,7,112.69174944072452,19,9,1,721,2
8,26.778483372383448,1,17.757417160597882,26,11,1,137,4
5,65.13579251656799,8,86.78600874427167,4,20,1,63,0
7,55.004830601996325,2,94.17809306133807,11,22,0,471,2
7,22.84807981522867,7,109.77679893494312,8,21,0,792,1
8,69.46265550346052,2,94.90415772441091,18,13,0,231,3
8,47.9536855845428,2,69.91662751719848,29,10,0,117,4
5,57.67357329106521,8,108.78768472564627,23,13,1,90,3
11,49.64105432998389,7,45.65650935619018,9,12,0,627,2
2,66.33465668584533,4,84.91132776425556,7,13,0,993,0
3,45.63489804050031,4,73.14136681148607,15,10,0,49,2
6,99.69308066890594,3,82.29068234326792,14,22,1,286,2
3,56.27399177259668,7,141.12493086311662,29,25,1,71,4
8,40.118244371840404,8,82.80585234286488,20,21,0,921,3
7,60.32255124498069,6,126.48212700095809,1,21,0,195,0
2,13.014369743931077,8,72.31351566369713,29,11,2,880,4
3,51.57853892977898,3,96.76753989412472,14,8,0,564,1
7,58.781545647093346,6,92.88891412457254,27,7,0,596,4
4,40.54223636747819,1,47.935756346357465,28,2,1,410,4
8,90.39707673777912,2,93.7686397526817,21,23,0,675,4
4,22.844635322666438,6,129.37967697133254,18,10,1,350,2
8,36.94391204979567,2,47.929583268225024,10,10,1,826,2
6,70.40359620523029,4,79.51214039814425,27,11,1,745,4
6,53.02810831682843,1,71.09984545391774,21,14,0,71,3
11,49.46105993123907,1,92.34524477909224,19,7,0,137,4
1,45.48505013195759,8,88.80202736556693,2,23,2,315,0
5,45.761157530779855,3,78.0415086353231,24,5,0,856,4
3,60.23633803368797,9,51.18538884467719,21,20,0,408,3
7,59.2040839249646,2,101.92218200886647,8,14,1,764,1
3,41.885003468666184,1,41.99997418848231,19,20,0,443,2
8,31.939633438614614,6,128.7255392521986,20,7,0,297,3
5,64.40020725402626,3,106.92038087989332,5,17,0,634,0
7,48.171750754695125,6,48.302456420621446,17,6,1,504,3
4,50.976299781315376,1,65.17264444927018,6,5,1,892,0
3,36.20243135833276,9,90.91020534739869,7,18,2,992,0
6,22.670085798760358,9,53.66890054168136,10,14,1,458,1
4,20.554049750524058,7,124.33673282602152,22,9,0,772,3
7,52.686794705594686,2,112.9768380811381,5,24,0,930,1
0,61.36065550899047,6,55.35048916043132,7,5,0,621,0
4,12.867309433680262,5,85.31253175135078,19,12,0,892,2
5,51.761876873164766,9,118.8063623426312,23,16,0,67,3
2,70.12550644436708,9,78.31445026237779,26,13,1,827,3
3,19.900427109875732,1,160.7147389423378,17,9,1,682,2
4,77.58245776784511,4,107.05256203467832,25,5,0,691,4
4,27.465766024385488,9,122.56360804461649,12,22,1,192,1
7,45.444389818597045,2,129.62769895818707,8,21,0,520,1
7,22.33672906335557,7,78.24292884109381,18,13,1,541,3
6,21.590067760801755,3,76.31032154773027,20,18,0,214,3
7,75.48846208651726,1,48.390832120038,20,7,0,782,3
2,65.89139543371853,7,157.10537680387216,10,20,0,297,1
4,52.62285747686281,3,108.627996411058,22,12,1,33,3
1,79.58548384603256,6,82.2550149897589,18,14,0,237,2
4,7.495864224856788,7,120.87588028577012,16,4,0,582,2
6,71.1739312565372,9,67.48253183558663,12,28,0,993,2
4,27.16049998105078,5,100.5086073250641,2,6,0,678,0
9,55.62690919256043,1,100.77990228577833,14,3,0,876,2
6,16.66475246627384,4,79.85136057839448,26,8,0,260,4
5,22.357105692026835,5,145.07208597048287,19,12,1,296,3
4,55.20938114983532,4,108.8607357674876,2,0,0,364,0
3,64.88077309540503,6,111.17629932835976,25,9,1,67,3
5,58.694999538528606,1,127.22810001116747,26,0,0,990,4
2,39.53841511631485,3,109.21617320144948,16,2,0,558,2
3,70.39407777839342,4,84.24244697303138,25,10,1,930,3
3,65.47284739562402,5,148.14150362976184,22,2,0,941,3
4,72.53760112259371,3,109.13387826607743,1,16,1,62,0
8,20.260126540743073,8,134.00194150924375,5,0,1,977,1
7,83.92539733062907,4,77.11485943993412,6,28,1,637,1
5,81.68238633506286,5,139.9452717944991,19,22,1,388,3
7,39.424310689811485,8,97.00138416269024,12,6,0,801,2
4,55.42420246821381,4,77.04195188492432,13,28,1,219,1
5,38.794296119712406,2,127.9425313805641,19,8,0,916,3
4,57.67562834534466,5,58.52233684422019,17,19,2,231,2
5,65.70919460472506,4,96.16564969361342,2,10,0,410,0
3,38.66377805534792,5,78.80425621503991,18,8,1,965,2
4,52.0965635145398,8,72.1817921415053,24,11,1,501,3
8,24.191962251716966,5,51.68141021935964,5,10,0,858,1
6,24.810842165706823,1,70.35715876124668,12,29,1,131,2
5,38.31176312415254,2,106.53008645468206,17,16,0,667,2
4,47.16684290795299,2,66.68573151834337,8,12,1,999,1
8,74.94000546794426,3,93.37528336383696,13,0,0,344,2
6,76.26981423914035,9,107.51889508935888,11,14,1,468,1
6,58.66025599336501,4,52.30832876035613,14,5,1,106,2
3,52.27493611238826,4,69.5411674383237,2,7,1,722,0
6,34.524504411347564,3,65.6273339448642,10,23,0,259,1
7,69.32252615682506,2,125.71377635473416,17,29,1,431,3
5,43.570358725454795,1,163.13076805323072,16,27,0,490,2
3,27.790769533123076,4,121.31011434717576,23,26,0,584,3
3,59.18329788873486,5,116.27098519226648,14,6,1,550,1
6,60.27480181233766,8,94.07326848708078,19,0,0,542,3
3,25.789753004709613,1,107.51976874280828,10,16,1,270,1
5,35.554168254726854,4,143.48920075070157,16,14,1,264,2
8,71.19226773140483,8,43.567940274879355,9,0,0,779,1
7,61.317253081751744,3,71.73432234636141,13,12,2,514,2
7,70.5896945381615,9,128.36237865935823,10,27,0,414,1
10,3.6668036578915206,4,30.883628561635568,18,7,0,858,3
7,44.379405557338096,5,100.70999385123318,9,6,1,975,1
2,53.594368805209875,3,50.299449325957575,26,15,2,66,3
3,48.67024628332739,1,41.599123518480155,14,0,1,615,1
4,80.8827824889156,2,106.73248836156556,15,17,1,50,2
3,52.547349581207584,9,119.9153852453298,18,5,1,824,2
4,16.689682341500138,2,18.97565430229818,9,23,0,326,1
5,20.634695881853766,8,108.71281826330596,29,24,1,223,4
7,107.97005339117007,3,48.15580698112924,20,11,0,726,3
9,82.51550225184494,7,88.94362542331903,0,12,0,622,0
6,17.317422452835004,8,50.529551636635084,1,2,0,470,0
5,66.82135919293783,1,35.696603412741,28,12,1,807,4
8,20.224560226242364,5,94.01646359599621,22,29,1,457,4
5,35.452896999451525,7,115.68302892912325,24,27,1,807,4
6,15.088488436120457,9,106.57518370996695,27,23,0,667,4
4,25.772345275965467,6,103.79111452082984,29,10,0,548,4
3,65.2369699167083,4,178.21775175156353,23,13,1,729,3
2,42.70971321669797,5,87.27531263564009,9,15,0,798,1
6,30.658598546823523,5,143.72104569822946,6,8,0,836,1
7,4.180991781065103,6,80.0425652054788,21,16,1,192,3
7,72.38949527543676,3,68.94434293436898,0,23,0,746,0
7,56.09802404334774,5,34.15353249357265,11,4,0,915,2
3,23.948914501924055,6,82.83432736379295,10,3,0,534,1
9,64.23786064533451,5,68.84455370670273,3,25,0,932,1
7,62.74192180382033,5,137.02969017818415,1,24,0,914,0
3,80.03715137211216,4,112.18791688561333,18,5,0,402,2
4,40.76711273876899,2,67.65776024864,1,24,1,493,0
0,88.98646390103409,9,67.9925616261006,10,17,0,178,0
3,67.62687410582977,1,125.11888323365484,26,5,0,773,4
4,80.07066910468036,5,139.40014049858786,20,25,1,368,3
5,50.47493302751723,8,66.45976797672863,29,21,0,115,4
5,47.12552736854315,6,76.41021871820112,12,5,1,778,1
7,46.69892481733292,1,30.487847616620435,3,15,2,344,0
2,69.13471830889145,4,103.04983151880002,2,12,1,324,0
4,44.66363005892201,3,100.53500122528722,17,1,0,297,2
5,8.46743323335943,5,102.21274047284484,25,6,0,255,4
5,66.00290791313421,3,95.0464539467177,27,25,0,93,4
4,25.830253930450148,1,41.10360769970932,10,25,1,751,1
4,79.53877287818524,3,38.91993489657848,20,19,1,342,3
4,24.66456587087447,6,84.46542893593498,1,11,0,448,0
6,36.21263357401872,5,37.05235311014891,24,1,1,809,4
3,63.28968154256998,6,98.35430933410463,12,4,1,412,1
4,90.8339982720831,4,135.50987080766592,13,18,0,304,1
3,94.30226820528637,9,128.8657934814454,29,26,1,609,4
2,46.843902997745445,5,93.98390020073873,18,7,0,318,2
8,42.82729308763307,5,89.25751407130856,22,14,0,888,4
4,69.54966915364449,1,53.61085079345335,6,22,0,520,0
5,80.99031670712158,8,50.885220534785454,20,11,0,676,3
4,7.509733777027144,2,85.03057709300202,21,2,0,146,3
4,25.147598831871637,3,100.94945350830896,18,9,1,546,2
5,42.10336495155965,2,46.458913335079,29,0,1,610,4
6,25.935876715048906,4,127.56727043302845,3,9,0,207,0
12,60.78856510788356,4,124.43944045358649,0,11,0,689,1
3,29.918530032892576,7,70.158222385997,6,11,0,728,0
1,16.113312841582015,8,86.61855927046811,17,23,0,932,2
7,57.208727393372975,4,86.12857642299511,20,28,0,58,3
3,20.16898591389349,5,97.58334890379415,9,5,0,81,1
4,62.849906345094325,8,59.301203774421964,20,16,0,355,3
12,75.48543952775218,5,109.18432797763761,5,6,0,913,1
3,50.381529437245604,3,97.48216675737532,16,11,0,171,2
4,56.5442114510723,3,71.19603311079655,29,12,0,657,4
6,76.5198537094708,1,98.26446238419828,0,26,0,66,0
7,46.738716871228824,9,86.79384168199331,24,13,0,215,4
3,63.42980868958207,8,77.2407260017032,23,15,0,356,3
2,56.27664923936705,5,108.70294029220364,0,7,0,801,0
6,30.141199843026648,1,79.11577051802352,7,24,1,751,1
9,30.46363645212509,2,131.81278395043606,22,26,1,619,4
5,45.443810097933564,7,68.06000291252114,19,6,0,294,3
6,34.588455727331336,4,107.149080448145,12,17,1,165,2
7,47.30390825516718,8,43.534716825100006,8,13,2,90,1
1,46.11992474547048,8,72.63278148281006,18,11,1,458,2
4,45.92694792783025,2,65.00903613686064,28,16,1,145,4
6,57.056050591632,8,106.10311694345735,29,17,0,138,4
4,24.88256089861916,2,37.24395382375541,3,7,0,66,0
5,52.8570356680416,5,118.28963731137671,14,17,0,981,2
5,59.340067820595756,2,154.56292722147086,3,10,0,176,0
3,28.373841257336988,9,115.35775287386188,14,20,1,768,1
2,28.181010993831226,6,117.22088714753556,15,23,0,574,1
7,22.897325266704364,9,109.7925566007392,11,6,0,992,2
5,81.56922904143542,9,110.59208574728564,24,28,0,415,4
5,62.84942016127846,7,115.42104930900275,21,14,1,266,3
5,61.845419818464514,4,75.53604451312515,15,11,1,275,2
5,78.01358377953359,1,44.00960992221661,25,23,0,765,4
9,76.11686664730239,9,143.4480770597238,4,26,0,486,1
7,30.233767397316164,1,130.48304943274965,23,23,2,732,4
3,45.619410932215345,8,88.5518845853542,23,25,1,289,3
2,46.85572876217654,3,68.06691561421303,8,17,0,304,0
10,46.9413071418278,3,91.11114929355007,12,25,1,830,2
7,55.1664234032353,1,109.5760582544938,11,0,1,327,2
4,55.982930772951065,2,52.242089921774514,7,23,1,690,1
3,53.978938913630344,3,119.15811403288313,20,6,1,912,2
4,63.15090039496205,7,98.4253760348524,6,12,2,515,0
6,82.82225539192032,5,74.05418699418496,28,12,1,233,4
6,60.11479092835926,6,111.85122349250612,4,23,1,469,0
4,16.396121308884197,4,93.93683584170692,17,27,0,178,2
6,41.744947447192125,8,59.200324617626435,14,9,0,642,2
11,59.013066849984035,7,70.50672407886078,2,12,0,152,1
2,32.51591322622282,4,87.88363933989883,8,7,0,920,0
4,46.04914369041061,6,70.63767401028946,7,0,1,763,1
1,52.66805356861552,1,44.241574245773876,20,15,0,32,2
6,38.69225047060243,1,68.07145606205316,1,24,0,884,0
7,48.058989093048226,4,46.04276592395858,27,11,0,799,4
6,26.013189872897257,2,112.14844933650343,28,2,0,388,4
5,69.61404766843017,2,96.94603103562477,17,22,0,709,2
4,40.5038873263759,9,93.40353957809033,1,26,1,610,0
5,37.889524149776996,6,124.00800839894347,6,29,0,433,1
6,40.16701305714869,8,44.58645994910473,10,19,1,684,1
3,52.96128252511451,1,123.20475676907391,13,5,2,886,1
9,36.539380691850056,5,98.05017279248733,7,16,0,272,1
4,50.356014624467406,9,69.13756194341758,19,21,1,839,2
2,74.9900775970254,6,68.7967407572856,27,11,0,184,4
6,50.77652605972963,8,126.70214797365769,5,6,0,263,1
3,54.59203804269778,7,100.29000919361194,29,26,1,285,4
5,56.488641677935455,8,66.2342453168252,10,18,1,324,1
4,23.93746360710304,4,95.5109463565816,26,22,0,876,4
2,56.184929289650256,5,56.802379329150625,21,1,1,527,2
6,54.479714469997994,9,19.845377331662945,15,18,0,214,2
6,7.310487675621161,4,63.783118845970066,7,23,0,767,1
5,39.18502876832676,5,96.78030934922268,1,13,1,414,0
6,32.51158792836546,4,77.48615508429485,20,26,0,800,3
3,22.313867814645533,3,90.06509502946483,27,2,0,70,4
11,51.19852824408378,6,76.32785128110073,15,14,0,596,3
6,40.04699350681053,6,118.58748119710849,28,22,0,873,4
4,63.105982840559506,8,99.87241903189864,1,6,0,630,0
6,79.14601272570685,1,54.76431681622499,26,20,1,463,4
5,39.73047880112099,3,52.90362252541725,27,19,0,259,4
6,96.7969337200297,1,77.83010598526853,10,2,0,164,1
3,49.984473264041185,9,118.27466843023154,3,9,0,99,0
6,31.00882609212307,5,151.9772468866886,29,14,0,182,4
6,37.94479670758905,8,59.91362916734012,16,26,0,798,2
3,71.1356153455258,7,78.41070183536252,21,25,0,565,3
5,65.33551194800293,2,131.80987374719092,20,16,0,470,3
6,51.565702715940155,2,136.2287087409511,6,22,1,644,1
5,48.09221065219444,2,93.24047192872591,22,1,0,478,3
4,54.32284228841529,8,22.014348098353594,13,10,1,288,1
1,35.34664549701372,6,110.16524406789026,11,11,0,280,1
3,36.738033079549886,1,91.47776804159308,20,22,0,525,2
0,65.00540117987472,1,86.63259265726752,25,17,0,673,3
6,63.43695512338567,1,93.1347082475315,16,23,1,778,2
6,21.431001576848438,1,150.80811655282503,5,3,0,790,1
5,77.86273244836869,5,27.635813734642753,28,8,1,364,4
6,84.72180278048472,4,118.24050402078971,17,24,0,218,2
3,37.07353943195716,2,101.95485535579384,2,26,0,847,0
6,79.88653499927327,9,91.13848450775887,3,19,1,753,0
6,40.353655268251,4,134.34358015618406,1,3,0,572,0
2,22.77024197659276,6,98.43481804482586,17,15,0,867,2
5,67.97159088555641,2,101.06844271233985,7,28,0,872,1
1,45.4157342507453,5,96.18076751691463,29,25,0,410,4
4,77.58870169714473,2,138.82310267115133,2,21,0,904,0
2,47.80917609531272,2,110.19076786772521,12,4,0,500,1
6,43.81510835424109,9,92.51767904052774,22,9,0,889,3
5,25.64875222998035,8,87.65903762122872,19,20,0,704,3
5,42.116125011142145,3,136.93223030715615,10,7,0,94,1
6,88.41238597516241,4,50.34436159733043,15,1,0,523,2
5,77.69563382895849,4,69.65671086887887,25,0,0,348,4
8,48.15995922827445,6,123.33018824444628,1,19,0,647,0
3,72.31557221731252,8,60.197147829009594,29,16,1,282,4
2,48.29714017898157,2,75.16091350888135,26,6,0,796,3
3,40.58955257763534,5,71.11986910992763,25,19,0,818,3
4,33.534341416102244,4,114.72140890180697,9,1,0,523,1
8,23.63276367248155,5,79.89386009196284,7,17,1,773,1
6,73.63519707880516,8,99.14360211135755,7,14,0,481,1
7,21.328532800550988,3,64.34595213430521,2,17,1,881,0
5,52.534097304600884,9,143.27819466024874,27,7,2,894,4
3,51.51479371866027,6,108.80072743867652,19,4,0,703,2
3,66.93366295787371,3,103.4517786504025,24,6,0,273,3
4,37.597916387068615,8,58.40357009270695,29,25,0,779,4
5,59.72090433698046,2,86.65804059171461,23,7,1,468,3
10,61.73803448269888,9,39.99501085652191,23,7,0,764,4
